-- Drop all tables
DROP TABlE PROFILE CASCADE CONSTRAINTS;
DROP TABLE FRIENDS CASCADE CONSTRAINTS;
DROP TABLE PENDINGFRIENDS CASCADE CONSTRAINTS;
DROP TABLE MESSAGES CASCADE CONSTRAINTS;
DROP TABLE MESSAGERECIPIENT CASCADE CONSTRAINTS;
DROP TABLE GROUPS CASCADE CONSTRAINTS;
DROP TABLE PENDINGGROUPMEMEBERS CASCADE CONSTRAINTS;
DROP TABLE GROUPMEMBERSHIP CASCADE CONSTRAINTS;

--CREATE THE PROFILE TABLE FIRST SINCE MANY TABLES REFERENCE THIS TABLE
CREATE TABLE PROFILE(
  userID      varchar2(20)       not null deferrable,
  name   varchar2(50)    not null deferrable,
  email  varchar2(50) not null deferrable,
  password          varchar2(50) not null deferrable,
  dateOfBirth            date not null deferrable,
  lastLogin             timestamp,
  CONSTRAINT PROFILE_PK PRIMARY KEY (userID) INITIALLY IMMEDIATE DEFERRABLE,
  CONSTRAINT PROFILE_UN UNIQUE(email) INITIALLY IMMEDIATE DEFERRABLE
);

CREATE TABLE FRIENDS(
  userID1 varchar2(20) not null deferrable,
  userID2 varchar2(20) not null deferrable,
  JDate date,
  message varchar2(200),
  CONSTRAINT FRIENDS_PK PRIMARY KEY (userID1, userID2) INITIALLY IMMEDIATE DEFERRABLE,
  CONSTRAINT FRIENDS_FK1 FOREIGN KEY (userID1) REFERENCES PROFILE(userID) INITIALLY IMMEDIATE DEFERRABLE,
  CONSTRAINT FRIENDS_FK2 FOREIGN KEY (userID2) REFERENCES PROFILE(userID) INITIALLY IMMEDIATE DEFERRABLE
);

CREATE TABLE PENDINGFRIENDS(
  fromID varchar2(20) not null deferrable,
  toID varchar2(20) not null deferrable,
  message varchar2(200),
  CONSTRAINT PENDINGFRIENDS_PK PRIMARY KEY (fromID,toID) INITIALLY IMMEDIATE DEFERRABLE,
  CONSTRAINT PENDINGFRIENDS_FK1 FOREIGN KEY (fromID) REFERENCES PROFILE(userID) INITIALLY IMMEDIATE DEFERRABLE,
  CONSTRAINT PENDINGFRIENDS_FK2 FOREIGN KEY (toID) REFERENCES PROFILE(userID) INITIALLY IMMEDIATE DEFERRABLE
);
-- A couple tables reference the table GROUPS
CREATE TABLE GROUPS(
  gID varchar2(20) not null deferrable,
  name varchar2(50) not null deferrable,
  description varchar2(200),
  CONSTRAINT GROUPS_PK PRIMARY KEY (gID) INITIALLY IMMEDIATE DEFERRABLE
);
---Assumes users can be deleted but messages can still be retained, just without the deleted user
CREATE TABLE MESSAGES(
  msgID varchar2(20) not null deferrable,
  fromID varchar2(20),
  message varchar2(200) default null,
  toUserID varchar2(20),
  toGroupID varchar2(20) default null,
  dateSend date not null deferrable,
  CONSTRAINT MESSAGES_PK PRIMARY KEY (msgID) INITIALLY IMMEDIATE DEFERRABLE,
  CONSTRAINT MESSAGES_FK1 FOREIGN KEY (fromID) REFERENCES PROFILE(userID) INITIALLY IMMEDIATE DEFERRABLE,
  CONSTRAINT MESSAGES_FK2 FOREIGN KEY (toUserID) REFERENCES PROFILE(userID) INITIALLY IMMEDIATE DEFERRABLE,
  CONSTRAINT MESSAGES_FK3 FOREIGN KEY (toGroupID) REFERENCES GROUPS(gID) INITIALLY IMMEDIATE DEFERRABLE
);
---Assumes users can be deleted but messages can be retained without the user
CREATE TABLE MESSAGERECIPIENT(
  msgID varchar2(20) not null deferrable,
  userID varchar2(20),
  CONSTRAINT MESSAGERECIPIENT PRIMARY KEY (msgID),
  CONSTRAINT MESSAGERECIPIENT_FK1 FOREIGN KEY (msgID) REFERENCES MESSAGES(msgID) INITIALLY IMMEDIATE DEFERRABLE,
  CONSTRAINT MESSAGERECIPIENT_FK2 FOREIGN KEY (userID) REFERENCES PROFILE(userID) INITIALLY IMMEDIATE DEFERRABLE
);

CREATE TABLE PENDINGGROUPMEMEBERS(
  gID varchar2(20) not null deferrable,
  userID varchar2(20) not null deferrable,
  message varchar2(200) default null,
  CONSTRAINT PENDINGGROUPMEMEBERS_PK PRIMARY KEY (gID,userID) INITIALLY IMMEDIATE DEFERRABLE,
  CONSTRAINT PENDINGGROUPMEMEBERS_FK1 FOREIGN KEY (gID) REFERENCES GROUPS(gID) INITIALLY IMMEDIATE DEFERRABLE,
  CONSTRAINT PENDINGGROUPMEMEBERS_FK2 FOREIGN KEY (userID) REFERENCES PROFILE(userID) INITIALLY IMMEDIATE DEFERRABLE
);

CREATE TABLE GROUPMEMBERSHIP(
  gID varchar2(20) not null deferrable,
  userID varchar2(20) not null deferrable,
  role varchar2(20) default('Member'),
  CONSTRAINT GROUPMEMBERSHIP_PK PRIMARY KEY (gID, userID) INITIALLY IMMEDIATE DEFERRABLE,
  CONSTRAINT GROUPMEMBERSHIP_FK1 FOREIGN KEY (gID) REFERENCES GROUPS(gID) INITIALLY IMMEDIATE DEFERRABLE,
  CONSTRAINT GROUPMEMBERSHIP_FK2 FOREIGN KEY (userID) REFERENCES PROFILE(userID) INITIALLY IMMEDIATE DEFERRABLE
);


INSERT INTO PROFILE values('7dc2d', 'Fran', '7dc2d@pitt.edu', 'pass', '30-May-1913', null);
INSERT INTO PROFILE values('aee63', 'Myron', 'aee63@pitt.edu', 'pass', '20-February-1926', null);
INSERT INTO PROFILE values('face0', 'Darlena', 'face0@pitt.edu', 'pass', '3-November-1982', null);
INSERT INTO PROFILE values('8bad6', 'Kathi', '8bad6@pitt.edu', 'pass', '17-August-1952', null);
INSERT INTO PROFILE values('b866f', 'Teodoro', 'b866f@pitt.edu', 'pass', '15-March-1962', null);
INSERT INTO PROFILE values('eb91d', 'Giselle', 'eb91d@pitt.edu', 'pass', '22-October-1906', null);
INSERT INTO PROFILE values('3d423', 'Lynwood', '3d423@pitt.edu', 'pass', '30-July-1963', null);
INSERT INTO PROFILE values('029fc', 'Lynwood', '029fc@pitt.edu', 'pass', '27-April-1944', null);
INSERT INTO PROFILE values('a9ae4', 'Asa', 'a9ae4@pitt.edu', 'pass', '29-April-1995', null);
INSERT INTO PROFILE values('1ceaa', 'Giselle', '1ceaa@pitt.edu', 'pass', '25-June-1900', null);
INSERT INTO PROFILE values('f8dee', 'Bernardo', 'f8dee@pitt.edu', 'pass', '2-May-1917', null);
INSERT INTO PROFILE values('ab155', 'Lara', 'ab155@pitt.edu', 'pass', '5-June-1908', null);
INSERT INTO PROFILE values('30f1a', 'Edison', '30f1a@pitt.edu', 'pass', '16-March-1984', null);
INSERT INTO PROFILE values('124ac', 'Margarite', '124ac@pitt.edu', 'pass', '9-January-1902', null);
INSERT INTO PROFILE values('84df7', 'Teodoro', '84df7@pitt.edu', 'pass', '26-August-1970', null);
INSERT INTO PROFILE values('47076', 'Irwin', '47076@pitt.edu', 'pass', '5-October-1943', null);
INSERT INTO PROFILE values('f0740', 'Bernardo', 'f0740@pitt.edu', 'pass', '3-July-1981', null);
INSERT INTO PROFILE values('fdf67', 'Cyndy', 'fdf67@pitt.edu', 'pass', '23-January-1960', null);
INSERT INTO PROFILE values('ab913', 'Lara', 'ab913@pitt.edu', 'pass', '15-February-1951', null);
INSERT INTO PROFILE values('262a8', 'Giselle', '262a8@pitt.edu', 'pass', '24-January-1973', null);
INSERT INTO PROFILE values('ea2b3', 'Margarite', 'ea2b3@pitt.edu', 'pass', '26-April-1946', null);
INSERT INTO PROFILE values('1d6f2', 'Anika', '1d6f2@pitt.edu', 'pass', '7-June-1903', null);
INSERT INTO PROFILE values('dfffd', 'Lynwood', 'dfffd@pitt.edu', 'pass', '22-July-1919', null);
INSERT INTO PROFILE values('c8e35', 'Seymour', 'c8e35@pitt.edu', 'pass', '5-October-1941', null);
INSERT INTO PROFILE values('77abf', 'Myron', '77abf@pitt.edu', 'pass', '4-February-1930', null);
INSERT INTO PROFILE values('45a01', 'Lara', '45a01@pitt.edu', 'pass', '13-November-1935', null);
INSERT INTO PROFILE values('5a33c', 'Seymour', '5a33c@pitt.edu', 'pass', '5-May-1912', null);
INSERT INTO PROFILE values('bd232', 'Myron', 'bd232@pitt.edu', 'pass', '19-August-1951', null);
INSERT INTO PROFILE values('121b3', 'Arden', '121b3@pitt.edu', 'pass', '21-February-1998', null);
INSERT INTO PROFILE values('452d7', 'Darlena', '452d7@pitt.edu', 'pass', '10-February-1988', null);
INSERT INTO PROFILE values('51b11', 'Bernardo', '51b11@pitt.edu', 'pass', '12-August-1915', null);
INSERT INTO PROFILE values('6fe0c', 'Anika', '6fe0c@pitt.edu', 'pass', '28-March-1920', null);
INSERT INTO PROFILE values('b0645', 'Bernardo', 'b0645@pitt.edu', 'pass', '26-October-1946', null);
INSERT INTO PROFILE values('99caa', 'Edison', '99caa@pitt.edu', 'pass', '4-December-1965', null);
INSERT INTO PROFILE values('e5eaf', 'Asa', 'e5eaf@pitt.edu', 'pass', '13-November-1918', null);
INSERT INTO PROFILE values('cd08d', 'Fran', 'cd08d@pitt.edu', 'pass', '12-March-1913', null);
INSERT INTO PROFILE values('838be', 'Edison', '838be@pitt.edu', 'pass', '23-November-1972', null);
INSERT INTO PROFILE values('7bcff', 'Teodoro', '7bcff@pitt.edu', 'pass', '24-September-1996', null);
INSERT INTO PROFILE values('28a4f', 'Giselle', '28a4f@pitt.edu', 'pass', '9-March-1911', null);
INSERT INTO PROFILE values('3f5bc', 'Cyndy', '3f5bc@pitt.edu', 'pass', '15-August-1967', null);
INSERT INTO PROFILE values('8c3a5', 'Margarite', '8c3a5@pitt.edu', 'pass', '27-August-1978', null);
INSERT INTO PROFILE values('4caf9', 'Giselle', '4caf9@pitt.edu', 'pass', '4-October-1991', null);
INSERT INTO PROFILE values('4e1a4', 'Anika', '4e1a4@pitt.edu', 'pass', '16-March-1956', null);
INSERT INTO PROFILE values('f19a7', 'Giselle', 'f19a7@pitt.edu', 'pass', '10-May-1940', null);
INSERT INTO PROFILE values('7e0da', 'Seymour', '7e0da@pitt.edu', 'pass', '24-August-1923', null);
INSERT INTO PROFILE values('daf03', 'Margarite', 'daf03@pitt.edu', 'pass', '29-December-1969', null);
INSERT INTO PROFILE values('d710d', 'Bernardo', 'd710d@pitt.edu', 'pass', '15-June-1999', null);
INSERT INTO PROFILE values('d8d28', 'Irwin', 'd8d28@pitt.edu', 'pass', '27-September-1935', null);
INSERT INTO PROFILE values('d488f', 'Asa', 'd488f@pitt.edu', 'pass', '7-April-1957', null);
INSERT INTO PROFILE values('1a6f1', 'Margarite', '1a6f1@pitt.edu', 'pass', '16-May-1994', null);
INSERT INTO PROFILE values('2368d', 'Morgan', '2368d@pitt.edu', 'pass', '2-October-1946', null);
INSERT INTO PROFILE values('05d24', 'Seymour', '05d24@pitt.edu', 'pass', '31-January-1974', null);
INSERT INTO PROFILE values('46cda', 'Teodoro', '46cda@pitt.edu', 'pass', '10-July-1907', null);
INSERT INTO PROFILE values('ab89a', 'Arden', 'ab89a@pitt.edu', 'pass', '29-October-1952', null);
INSERT INTO PROFILE values('26ae6', 'Seymour', '26ae6@pitt.edu', 'pass', '6-October-1901', null);
INSERT INTO PROFILE values('ddc4f', 'Fran', 'ddc4f@pitt.edu', 'pass', '17-February-1948', null);
INSERT INTO PROFILE values('c93e6', 'Lynwood', 'c93e6@pitt.edu', 'pass', '25-August-1989', null);
INSERT INTO PROFILE values('ac8b9', 'Bernardo', 'ac8b9@pitt.edu', 'pass', '29-April-1937', null);
INSERT INTO PROFILE values('e6db7', 'Seymour', 'e6db7@pitt.edu', 'pass', '21-November-1932', null);
INSERT INTO PROFILE values('cbe2b', 'Beulah', 'cbe2b@pitt.edu', 'pass', '15-February-1939', null);
INSERT INTO PROFILE values('91902', 'Lynwood', '91902@pitt.edu', 'pass', '15-June-1965', null);
INSERT INTO PROFILE values('722ff', 'Lynwood', '722ff@pitt.edu', 'pass', '25-November-1938', null);
INSERT INTO PROFILE values('bb1a3', 'Seymour', 'bb1a3@pitt.edu', 'pass', '12-February-1929', null);
INSERT INTO PROFILE values('218b3', 'Fran', '218b3@pitt.edu', 'pass', '6-April-1903', null);
INSERT INTO PROFILE values('0ec73', 'Arden', '0ec73@pitt.edu', 'pass', '18-July-1982', null);
INSERT INTO PROFILE values('c1cfe', 'Lynwood', 'c1cfe@pitt.edu', 'pass', '29-April-1957', null);
INSERT INTO PROFILE values('994eb', 'Myron', '994eb@pitt.edu', 'pass', '21-June-1960', null);
INSERT INTO PROFILE values('d5a7a', 'Arden', 'd5a7a@pitt.edu', 'pass', '1-September-1973', null);
INSERT INTO PROFILE values('cbc23', 'Cyndy', 'cbc23@pitt.edu', 'pass', '9-November-1947', null);
INSERT INTO PROFILE values('72da7', 'Asa', '72da7@pitt.edu', 'pass', '16-December-1977', null);
INSERT INTO PROFILE values('9b2c4', 'Asa', '9b2c4@pitt.edu', 'pass', '3-April-1945', null);
INSERT INTO PROFILE values('75a16', 'Anika', '75a16@pitt.edu', 'pass', '14-March-1997', null);
INSERT INTO PROFILE values('5cef3', 'Bernardo', '5cef3@pitt.edu', 'pass', '26-January-1935', null);
INSERT INTO PROFILE values('56cde', 'Beulah', '56cde@pitt.edu', 'pass', '20-November-1968', null);
INSERT INTO PROFILE values('a5912', 'Lara', 'a5912@pitt.edu', 'pass', '23-February-1993', null);
INSERT INTO PROFILE values('0484b', 'Lara', '0484b@pitt.edu', 'pass', '21-August-1930', null);
INSERT INTO PROFILE values('98226', 'Myron', '98226@pitt.edu', 'pass', '6-November-1931', null);
INSERT INTO PROFILE values('1ccd0', 'Margarite', '1ccd0@pitt.edu', 'pass', '4-June-1919', null);
INSERT INTO PROFILE values('20bb8', 'Morgan', '20bb8@pitt.edu', 'pass', '14-November-1985', null);
INSERT INTO PROFILE values('bcfde', 'Beulah', 'bcfde@pitt.edu', 'pass', '5-March-1956', null);
INSERT INTO PROFILE values('c0b62', 'Giselle', 'c0b62@pitt.edu', 'pass', '30-January-1949', null);
INSERT INTO PROFILE values('ac4d0', 'Cyndy', 'ac4d0@pitt.edu', 'pass', '13-July-1901', null);
INSERT INTO PROFILE values('0bc92', 'Fran', '0bc92@pitt.edu', 'pass', '24-January-1997', null);
INSERT INTO PROFILE values('4a3af', 'Bernardo', '4a3af@pitt.edu', 'pass', '6-March-1989', null);
INSERT INTO PROFILE values('8ec5b', 'Edison', '8ec5b@pitt.edu', 'pass', '29-May-1990', null);
INSERT INTO PROFILE values('d4e0d', 'Giselle', 'd4e0d@pitt.edu', 'pass', '23-October-1929', null);
INSERT INTO PROFILE values('3f917', 'Jeanne', '3f917@pitt.edu', 'pass', '5-June-1984', null);
INSERT INTO PROFILE values('20cca', 'Beulah', '20cca@pitt.edu', 'pass', '15-August-1996', null);
INSERT INTO PROFILE values('bd3ae', 'Darlena', 'bd3ae@pitt.edu', 'pass', '21-October-1913', null);
INSERT INTO PROFILE values('8eef6', 'Seymour', '8eef6@pitt.edu', 'pass', '16-January-1959', null);
INSERT INTO PROFILE values('bc56c', 'Asa', 'bc56c@pitt.edu', 'pass', '10-June-1977', null);
INSERT INTO PROFILE values('ce799', 'Bernardo', 'ce799@pitt.edu', 'pass', '22-October-1932', null);
INSERT INTO PROFILE values('4961b', 'Myron', '4961b@pitt.edu', 'pass', '17-January-1954', null);
INSERT INTO PROFILE values('75e59', 'Morgan', '75e59@pitt.edu', 'pass', '20-June-1938', null);
INSERT INTO PROFILE values('625d7', 'Lara', '625d7@pitt.edu', 'pass', '3-February-1968', null);
INSERT INTO PROFILE values('e721c', 'Arden', 'e721c@pitt.edu', 'pass', '31-January-1978', null);
INSERT INTO PROFILE values('e91b3', 'Lara', 'e91b3@pitt.edu', 'pass', '8-March-1903', null);
INSERT INTO PROFILE values('ecc1b', 'Fran', 'ecc1b@pitt.edu', 'pass', '13-April-1916', null);
INSERT INTO PROFILE values('fc877', 'Seymour', 'fc877@pitt.edu', 'pass', '25-June-1980', null);
INSERT INTO PROFILE values('46e14', 'Giselle', '46e14@pitt.edu', 'pass', '9-October-1936', null);

INSERT INTO FRIENDS values('a5912', 'd4e0d', '26-June-1920', 'Would you like to be my friend?');
INSERT INTO FRIENDS values('4e1a4', 'ea2b3', '25-January-1956', 'Would you like to be my friend?');
INSERT INTO FRIENDS values('d5a7a', '1d6f2', '7-April-1946', 'Would you like to be my friend?');
INSERT INTO FRIENDS values('0ec73', '4961b', '29-July-2000', 'Would you like to be my friend?');
INSERT INTO FRIENDS values('838be', '30f1a', '14-June-1963', 'Would you like to be my friend?');
INSERT INTO FRIENDS values('4a3af', 'aee63', '16-January-1923', 'Would you like to be my friend?');
INSERT INTO FRIENDS values('8c3a5', '5a33c', '7-March-1944', 'Would you like to be my friend?');
INSERT INTO FRIENDS values('e5eaf', 'ecc1b', '14-January-1928', 'Would you like to be my friend?');
INSERT INTO FRIENDS values('c1cfe', 'd710d', '13-October-1951', 'Would you like to be my friend?');
INSERT INTO FRIENDS values('6fe0c', '30f1a', '14-June-1929', 'Would you like to be my friend?');
INSERT INTO FRIENDS values('d5a7a', '30f1a', '8-April-1967', 'Would you like to be my friend?');
INSERT INTO FRIENDS values('0bc92', 'd488f', '24-November-1975', 'Would you like to be my friend?');
INSERT INTO FRIENDS values('6fe0c', 'c1cfe', '26-June-1992', 'Would you like to be my friend?');
INSERT INTO FRIENDS values('cbe2b', 'c93e6', '13-June-1965', 'Would you like to be my friend?');
INSERT INTO FRIENDS values('98226', '218b3', '15-June-1921', 'Would you like to be my friend?');
INSERT INTO FRIENDS values('ac4d0', '56cde', '24-June-1957', 'Would you like to be my friend?');
INSERT INTO FRIENDS values('91902', '26ae6', '23-June-1931', 'Would you like to be my friend?');
INSERT INTO FRIENDS values('f19a7', 'e6db7', '29-March-1957', 'Would you like to be my friend?');
INSERT INTO FRIENDS values('72da7', 'c0b62', '3-August-1980', 'Would you like to be my friend?');
INSERT INTO FRIENDS values('d8d28', '4a3af', '27-April-1961', 'Would you like to be my friend?');
INSERT INTO FRIENDS values('20bb8', '28a4f', '9-May-1918', 'Would you like to be my friend?');
INSERT INTO FRIENDS values('f19a7', '51b11', '5-June-1913', 'Would you like to be my friend?');
INSERT INTO FRIENDS values('ea2b3', '124ac', '4-March-1940', 'Would you like to be my friend?');
INSERT INTO FRIENDS values('cd08d', 'ce799', '3-October-1928', 'Would you like to be my friend?');
INSERT INTO FRIENDS values('bb1a3', '8eef6', '15-March-1903', 'Would you like to be my friend?');
INSERT INTO FRIENDS values('20bb8', 'ab155', '1-October-1953', 'Would you like to be my friend?');
INSERT INTO FRIENDS values('d488f', '77abf', '16-April-1955', 'Would you like to be my friend?');
INSERT INTO FRIENDS values('722ff', 'a9ae4', '22-March-1962', 'Would you like to be my friend?');
INSERT INTO FRIENDS values('75e59', 'e5eaf', '15-August-1979', 'Would you like to be my friend?');
INSERT INTO FRIENDS values('dfffd', '262a8', '15-September-1941', 'Would you like to be my friend?');
INSERT INTO FRIENDS values('838be', 'b0645', '15-July-1947', 'Would you like to be my friend?');
INSERT INTO FRIENDS values('ce799', 'ab155', '4-May-1949', 'Would you like to be my friend?');
INSERT INTO FRIENDS values('d4e0d', 'a9ae4', '23-April-1965', 'Would you like to be my friend?');
INSERT INTO FRIENDS values('c1cfe', 'bb1a3', '23-September-1968', 'Would you like to be my friend?');
INSERT INTO FRIENDS values('84df7', 'aee63', '22-December-1913', 'Would you like to be my friend?');
INSERT INTO FRIENDS values('bd3ae', 'a5912', '5-March-1985', 'Would you like to be my friend?');
INSERT INTO FRIENDS values('c93e6', '7dc2d', '26-November-1981', 'Would you like to be my friend?');
INSERT INTO FRIENDS values('ac8b9', '2368d', '22-November-1935', 'Would you like to be my friend?');
INSERT INTO FRIENDS values('c1cfe', 'e721c', '27-April-1986', 'Would you like to be my friend?');
INSERT INTO FRIENDS values('f19a7', '20bb8', '22-March-1950', 'Would you like to be my friend?');
INSERT INTO FRIENDS values('c8e35', 'c1cfe', '15-December-1954', 'Would you like to be my friend?');
INSERT INTO FRIENDS values('daf03', '0bc92', '16-May-1951', 'Would you like to be my friend?');
INSERT INTO FRIENDS values('f8dee', 'b0645', '11-December-1911', 'Would you like to be my friend?');
INSERT INTO FRIENDS values('7dc2d', '46e14', '29-November-1977', 'Would you like to be my friend?');
INSERT INTO FRIENDS values('b0645', '0484b', '22-February-1977', 'Would you like to be my friend?');
INSERT INTO FRIENDS values('72da7', 'fdf67', '25-January-1952', 'Would you like to be my friend?');
INSERT INTO FRIENDS values('0bc92', '47076', '20-June-1952', 'Would you like to be my friend?');
INSERT INTO FRIENDS values('0bc92', '56cde', '26-October-1906', 'Would you like to be my friend?');
INSERT INTO FRIENDS values('30f1a', 'eb91d', '15-March-1980', 'Would you like to be my friend?');
INSERT INTO FRIENDS values('99caa', 'c0b62', '23-February-1978', 'Would you like to be my friend?');
INSERT INTO FRIENDS values('994eb', 'd4e0d', '19-November-1936', 'Would you like to be my friend?');
INSERT INTO FRIENDS values('cd08d', '625d7', '5-October-1907', 'Would you like to be my friend?');
INSERT INTO FRIENDS values('994eb', 'a9ae4', '14-February-1915', 'Would you like to be my friend?');
INSERT INTO FRIENDS values('bc56c', '75e59', '13-June-1993', 'Would you like to be my friend?');
INSERT INTO FRIENDS values('daf03', 'b0645', '1-August-1992', 'Would you like to be my friend?');
INSERT INTO FRIENDS values('3f5bc', 'c93e6', '13-July-1932', 'Would you like to be my friend?');
INSERT INTO FRIENDS values('56cde', 'cbc23', '30-July-1949', 'Would you like to be my friend?');
INSERT INTO FRIENDS values('d5a7a', '124ac', '2-December-1918', 'Would you like to be my friend?');
INSERT INTO FRIENDS values('fdf67', 'd488f', '20-September-1961', 'Would you like to be my friend?');
INSERT INTO FRIENDS values('77abf', '56cde', '17-December-1928', 'Would you like to be my friend?');
INSERT INTO FRIENDS values('daf03', 'e6db7', '18-September-1908', 'Would you like to be my friend?');
INSERT INTO FRIENDS values('fdf67', 'bcfde', '12-August-1917', 'Would you like to be my friend?');
INSERT INTO FRIENDS values('bc56c', '8ec5b', '28-September-1973', 'Would you like to be my friend?');
INSERT INTO FRIENDS values('bc56c', '994eb', '24-June-1992', 'Would you like to be my friend?');
INSERT INTO FRIENDS values('20bb8', '5a33c', '27-August-1941', 'Would you like to be my friend?');
INSERT INTO FRIENDS values('029fc', 'ac8b9', '17-November-1964', 'Would you like to be my friend?');
INSERT INTO FRIENDS values('45a01', '20cca', '25-January-1906', 'Would you like to be my friend?');
INSERT INTO FRIENDS values('ea2b3', 'e5eaf', '16-June-1993', 'Would you like to be my friend?');
INSERT INTO FRIENDS values('75a16', '121b3', '30-May-1974', 'Would you like to be my friend?');
INSERT INTO FRIENDS values('994eb', '029fc', '5-October-1960', 'Would you like to be my friend?');
INSERT INTO FRIENDS values('51b11', 'c1cfe', '13-March-1996', 'Would you like to be my friend?');
INSERT INTO FRIENDS values('1ccd0', 'a5912', '6-December-1966', 'Would you like to be my friend?');
INSERT INTO FRIENDS values('bd3ae', 'daf03', '3-February-1979', 'Would you like to be my friend?');
INSERT INTO FRIENDS values('3f917', '91902', '8-October-1902', 'Would you like to be my friend?');
INSERT INTO FRIENDS values('0bc92', '124ac', '17-October-1953', 'Would you like to be my friend?');
INSERT INTO FRIENDS values('ea2b3', 'd4e0d', '27-July-1950', 'Would you like to be my friend?');
INSERT INTO FRIENDS values('7dc2d', '91902', '8-July-1994', 'Would you like to be my friend?');
INSERT INTO FRIENDS values('dfffd', '2368d', '9-July-1907', 'Would you like to be my friend?');
INSERT INTO FRIENDS values('a9ae4', '3d423', '11-June-1988', 'Would you like to be my friend?');
INSERT INTO FRIENDS values('30f1a', 'ddc4f', '19-November-1940', 'Would you like to be my friend?');
INSERT INTO FRIENDS values('8bad6', '05d24', '4-September-1940', 'Would you like to be my friend?');
INSERT INTO FRIENDS values('e721c', '91902', '28-November-1950', 'Would you like to be my friend?');
INSERT INTO FRIENDS values('c8e35', '4a3af', '16-March-1981', 'Would you like to be my friend?');
INSERT INTO FRIENDS values('c0b62', '7dc2d', '15-February-1974', 'Would you like to be my friend?');
INSERT INTO FRIENDS values('bd3ae', '1d6f2', '25-August-1947', 'Would you like to be my friend?');
INSERT INTO FRIENDS values('ac8b9', '7bcff', '25-October-1967', 'Would you like to be my friend?');
INSERT INTO FRIENDS values('fc877', 'd4e0d', '15-February-1927', 'Would you like to be my friend?');
INSERT INTO FRIENDS values('8bad6', '262a8', '5-May-1955', 'Would you like to be my friend?');
INSERT INTO FRIENDS values('d5a7a', 'c8e35', '13-November-1969', 'Would you like to be my friend?');
INSERT INTO FRIENDS values('cbc23', '6fe0c', '10-July-1929', 'Would you like to be my friend?');
INSERT INTO FRIENDS values('8bad6', '625d7', '27-April-1946', 'Would you like to be my friend?');
INSERT INTO FRIENDS values('fdf67', '121b3', '3-July-1901', 'Would you like to be my friend?');
INSERT INTO FRIENDS values('121b3', '56cde', '8-December-1959', 'Would you like to be my friend?');
INSERT INTO FRIENDS values('98226', '3f5bc', '17-April-1996', 'Would you like to be my friend?');
INSERT INTO FRIENDS values('daf03', '72da7', '1-May-1949', 'Would you like to be my friend?');
INSERT INTO FRIENDS values('262a8', 'ea2b3', '1-October-1970', 'Would you like to be my friend?');
INSERT INTO FRIENDS values('5a33c', '7e0da', '18-April-1933', 'Would you like to be my friend?');
INSERT INTO FRIENDS values('b866f', 'eb91d', '14-November-1902', 'Would you like to be my friend?');
INSERT INTO FRIENDS values('4caf9', 'e5eaf', '19-October-1979', 'Would you like to be my friend?');
INSERT INTO FRIENDS values('994eb', 'ac4d0', '4-February-1989', 'Would you like to be my friend?');
INSERT INTO FRIENDS values('30f1a', '029fc', '22-June-1931', 'Would you like to be my friend?');
INSERT INTO FRIENDS values('20cca', 'e5eaf', '11-October-1925', 'Would you like to be my friend?');
INSERT INTO FRIENDS values('218b3', 'daf03', '1-October-1993', 'Would you like to be my friend?');
INSERT INTO FRIENDS values('c93e6', '1ceaa', '19-February-1997', 'Would you like to be my friend?');
INSERT INTO FRIENDS values('cd08d', '8ec5b', '6-October-1976', 'Would you like to be my friend?');
INSERT INTO FRIENDS values('3f917', 'd8d28', '7-September-1953', 'Would you like to be my friend?');
INSERT INTO FRIENDS values('722ff', 'bcfde', '12-December-1936', 'Would you like to be my friend?');
INSERT INTO FRIENDS values('d4e0d', 'face0', '13-September-1976', 'Would you like to be my friend?');
INSERT INTO FRIENDS values('daf03', '722ff', '1-July-1974', 'Would you like to be my friend?');
INSERT INTO FRIENDS values('e6db7', '98226', '16-April-1942', 'Would you like to be my friend?');
INSERT INTO FRIENDS values('bcfde', '28a4f', '4-March-1926', 'Would you like to be my friend?');
INSERT INTO FRIENDS values('47076', 'b0645', '18-May-1937', 'Would you like to be my friend?');
INSERT INTO FRIENDS values('e721c', 'ac8b9', '10-April-1911', 'Would you like to be my friend?');
INSERT INTO FRIENDS values('7e0da', '8c3a5', '21-May-1932', 'Would you like to be my friend?');
INSERT INTO FRIENDS values('ac8b9', '6fe0c', '6-May-1960', 'Would you like to be my friend?');
INSERT INTO FRIENDS values('dfffd', '8ec5b', '14-May-1972', 'Would you like to be my friend?');
INSERT INTO FRIENDS values('7dc2d', '2368d', '30-October-1932', 'Would you like to be my friend?');
INSERT INTO FRIENDS values('bcfde', 'aee63', '15-February-1968', 'Would you like to be my friend?');
INSERT INTO FRIENDS values('f0740', 'cbc23', '11-November-1999', 'Would you like to be my friend?');
INSERT INTO FRIENDS values('ecc1b', 'fdf67', '12-March-1996', 'Would you like to be my friend?');
INSERT INTO FRIENDS values('4a3af', '625d7', '17-June-1921', 'Would you like to be my friend?');
INSERT INTO FRIENDS values('75a16', '2368d', '17-August-1931', 'Would you like to be my friend?');
INSERT INTO FRIENDS values('45a01', 'fdf67', '5-August-1998', 'Would you like to be my friend?');
INSERT INTO FRIENDS values('625d7', '625d7', '11-February-1946', 'Would you like to be my friend?');
INSERT INTO FRIENDS values('91902', 'b866f', '11-January-1911', 'Would you like to be my friend?');
INSERT INTO FRIENDS values('84df7', '029fc', '17-June-1994', 'Would you like to be my friend?');
INSERT INTO FRIENDS values('c8e35', 'cbc23', '27-April-1990', 'Would you like to be my friend?');
INSERT INTO FRIENDS values('d4e0d', '1a6f1', '17-April-1902', 'Would you like to be my friend?');
INSERT INTO FRIENDS values('f19a7', 'f8dee', '9-February-1990', 'Would you like to be my friend?');
INSERT INTO FRIENDS values('75e59', '1a6f1', '14-August-1940', 'Would you like to be my friend?');
INSERT INTO FRIENDS values('7dc2d', 'ab155', '6-September-1931', 'Would you like to be my friend?');
INSERT INTO FRIENDS values('daf03', '75a16', '12-February-1948', 'Would you like to be my friend?');
INSERT INTO FRIENDS values('f19a7', 'e5eaf', '15-October-1986', 'Would you like to be my friend?');
INSERT INTO FRIENDS values('0bc92', 'e91b3', '13-January-1918', 'Would you like to be my friend?');
INSERT INTO FRIENDS values('c1cfe', '625d7', '6-November-1979', 'Would you like to be my friend?');
INSERT INTO FRIENDS values('98226', '26ae6', '6-March-1996', 'Would you like to be my friend?');
INSERT INTO FRIENDS values('121b3', '4e1a4', '31-January-1943', 'Would you like to be my friend?');
INSERT INTO FRIENDS values('1d6f2', '20bb8', '6-October-1923', 'Would you like to be my friend?');
INSERT INTO FRIENDS values('722ff', 'd488f', '15-June-1955', 'Would you like to be my friend?');
INSERT INTO FRIENDS values('e721c', '1ceaa', '21-October-1925', 'Would you like to be my friend?');
INSERT INTO FRIENDS values('ecc1b', 'e5eaf', '3-February-1929', 'Would you like to be my friend?');
INSERT INTO FRIENDS values('625d7', '75a16', '12-May-1925', 'Would you like to be my friend?');
INSERT INTO FRIENDS values('722ff', '8ec5b', '22-July-1907', 'Would you like to be my friend?');
INSERT INTO FRIENDS values('b866f', '77abf', '4-March-1930', 'Would you like to be my friend?');
INSERT INTO FRIENDS values('e6db7', 'e5eaf', '14-April-1927', 'Would you like to be my friend?');
INSERT INTO FRIENDS values('bd3ae', 'c0b62', '4-February-1976', 'Would you like to be my friend?');
INSERT INTO FRIENDS values('cd08d', 'd4e0d', '5-September-1980', 'Would you like to be my friend?');
INSERT INTO FRIENDS values('9b2c4', 'ab155', '20-May-1968', 'Would you like to be my friend?');
INSERT INTO FRIENDS values('bc56c', '46e14', '29-July-1906', 'Would you like to be my friend?');
INSERT INTO FRIENDS values('121b3', '625d7', '3-January-1983', 'Would you like to be my friend?');
INSERT INTO FRIENDS values('8eef6', '77abf', '25-February-1966', 'Would you like to be my friend?');
INSERT INTO FRIENDS values('f19a7', '45a01', '25-January-1938', 'Would you like to be my friend?');
INSERT INTO FRIENDS values('aee63', '8c3a5', '29-January-1981', 'Would you like to be my friend?');
INSERT INTO FRIENDS values('84df7', '3f917', '31-December-1914', 'Would you like to be my friend?');
INSERT INTO FRIENDS values('face0', '28a4f', '12-April-1976', 'Would you like to be my friend?');
INSERT INTO FRIENDS values('1ceaa', '6fe0c', '18-April-1959', 'Would you like to be my friend?');
INSERT INTO FRIENDS values('05d24', '46e14', '29-August-1991', 'Would you like to be my friend?');
INSERT INTO FRIENDS values('5a33c', '8ec5b', '29-May-1981', 'Would you like to be my friend?');
INSERT INTO FRIENDS values('daf03', 'eb91d', '29-February-1972', 'Would you like to be my friend?');
INSERT INTO FRIENDS values('121b3', '121b3', '29-December-1911', 'Would you like to be my friend?');
INSERT INTO FRIENDS values('3f5bc', 'f19a7', '24-September-1964', 'Would you like to be my friend?');
INSERT INTO FRIENDS values('e91b3', 'face0', '8-October-1925', 'Would you like to be my friend?');
INSERT INTO FRIENDS values('91902', '0bc92', '10-February-1937', 'Would you like to be my friend?');
INSERT INTO FRIENDS values('ab89a', 'ddc4f', '28-January-1953', 'Would you like to be my friend?');
INSERT INTO FRIENDS values('121b3', '0ec73', '22-November-1958', 'Would you like to be my friend?');
INSERT INTO FRIENDS values('c1cfe', 'ce799', '30-September-1973', 'Would you like to be my friend?');
INSERT INTO FRIENDS values('ab913', '8eef6', '22-December-1976', 'Would you like to be my friend?');
INSERT INTO FRIENDS values('51b11', '26ae6', '10-December-1947', 'Would you like to be my friend?');
INSERT INTO FRIENDS values('ce799', '121b3', '25-April-1972', 'Would you like to be my friend?');
INSERT INTO FRIENDS values('46e14', 'd710d', '3-June-1966', 'Would you like to be my friend?');
INSERT INTO FRIENDS values('ac4d0', 'dfffd', '26-November-1994', 'Would you like to be my friend?');
INSERT INTO FRIENDS values('ce799', 'd5a7a', '4-March-1944', 'Would you like to be my friend?');
INSERT INTO FRIENDS values('5a33c', '20bb8', '19-January-1990', 'Would you like to be my friend?');
INSERT INTO FRIENDS values('8ec5b', '4e1a4', '19-May-1971', 'Would you like to be my friend?');
INSERT INTO FRIENDS values('c93e6', 'cbe2b', '7-April-1954', 'Would you like to be my friend?');
INSERT INTO FRIENDS values('1a6f1', '262a8', '18-June-1906', 'Would you like to be my friend?');
INSERT INTO FRIENDS values('994eb', 'cbe2b', '7-August-1996', 'Would you like to be my friend?');
INSERT INTO FRIENDS values('cbe2b', '994eb', '7-May-1921', 'Would you like to be my friend?');
INSERT INTO FRIENDS values('daf03', 'ac4d0', '20-October-1948', 'Would you like to be my friend?');
INSERT INTO FRIENDS values('625d7', 'd488f', '2-March-1980', 'Would you like to be my friend?');
INSERT INTO FRIENDS values('d710d', '262a8', '18-June-1958', 'Would you like to be my friend?');
INSERT INTO FRIENDS values('c0b62', 'f0740', '19-April-1945', 'Would you like to be my friend?');
INSERT INTO FRIENDS values('05d24', 'e5eaf', '6-April-1927', 'Would you like to be my friend?');
INSERT INTO FRIENDS values('75a16', 'fdf67', '14-January-1938', 'Would you like to be my friend?');
INSERT INTO FRIENDS values('56cde', '20bb8', '16-June-1988', 'Would you like to be my friend?');
INSERT INTO FRIENDS values('7e0da', '4a3af', '30-March-1995', 'Would you like to be my friend?');
INSERT INTO FRIENDS values('a9ae4', '1d6f2', '2-January-1950', 'Would you like to be my friend?');
INSERT INTO FRIENDS values('aee63', '26ae6', '5-December-1960', 'Would you like to be my friend?');
INSERT INTO FRIENDS values('ddc4f', '99caa', '2-February-1920', 'Would you like to be my friend?');
INSERT INTO FRIENDS values('26ae6', '5a33c', '4-March-1968', 'Would you like to be my friend?');
INSERT INTO FRIENDS values('121b3', 'd8d28', '29-May-1975', 'Would you like to be my friend?');
INSERT INTO FRIENDS values('98226', 'ab913', '26-August-1918', 'Would you like to be my friend?');
INSERT INTO FRIENDS values('121b3', 'b0645', '23-March-1959', 'Would you like to be my friend?');
INSERT INTO FRIENDS values('ddc4f', '46cda', '6-November-1983', 'Would you like to be my friend?');
INSERT INTO FRIENDS values('46cda', '0bc92', '13-January-1994', 'Would you like to be my friend?');
INSERT INTO FRIENDS values('20bb8', '4e1a4', '12-March-1978', 'Would you like to be my friend?');
INSERT INTO FRIENDS values('cbe2b', '625d7', '27-October-1994', 'Would you like to be my friend?');
INSERT INTO FRIENDS values('26ae6', 'f19a7', '31-May-1969', 'Would you like to be my friend?');
INSERT INTO FRIENDS values('121b3', '5a33c', '13-November-1973', 'Would you like to be my friend?');
INSERT INTO FRIENDS values('0ec73', '1ceaa', '2-January-1952', 'Would you like to be my friend?');

INSERT INTO GROUPS values(1, 'HSC', 'Hindu Students Council');
INSERT INTO GROUPS values(2, 'CSC', 'Pitt Computer Science Club');
INSERT INTO GROUPS values(3, 'Pitt Cycling', 'Competitive and casual cycling club');
INSERT INTO GROUPS values(4, 'Pitt Triathlon', 'Swim, Bike, Run');
INSERT INTO GROUPS values(5, 'Pitt XC', 'Just Run');
INSERT INTO GROUPS values(6, 'Pitt Swimming', 'Just Swim');
INSERT INTO GROUPS values(7, 'DECA', 'Business club that covers the four sectors of business');
INSERT INTO GROUPS values(8, 'ASA', 'Asian Students Alliance');
INSERT INTO GROUPS values(9, 'Pitt IEEE', 'Club for electrical/computer engineering students');
INSERT INTO GROUPS values(10, 'Pitt Gaming', 'Competitive and casual gaming club');

INSERT INTO MESSAGES values('1', 'f0740', 'You''re a good person', 'dfffd', null, '27-July-1984');
INSERT INTO MESSAGERECIPIENT values('1', 'dfffd');
INSERT INTO MESSAGES values('2', '20cca', 'What do you think of Panos?', '45a01', null, '28-December-1965');
INSERT INTO MESSAGERECIPIENT values('2', '45a01');
INSERT INTO MESSAGES values('3', '05d24', 'Sample Text', '7e0da', null, '14-February-1967');
INSERT INTO MESSAGERECIPIENT values('3', '7e0da');
INSERT INTO MESSAGES values('4', '3f917', 'How is CS1555?', 'd4e0d', null, '25-January-1946');
INSERT INTO MESSAGERECIPIENT values('4', 'd4e0d');
INSERT INTO MESSAGES values('5', '2368d', 'Hello', 'd488f', null, '18-July-1951');
INSERT INTO MESSAGERECIPIENT values('5', 'd488f');
INSERT INTO MESSAGES values('6', 'd488f', 'How is CS1555?', '452d7', null, '21-October-1938');
INSERT INTO MESSAGERECIPIENT values('6', '452d7');
INSERT INTO MESSAGES values('7', 'eb91d', 'Bonjour', '8ec5b', null, '23-May-1913');
INSERT INTO MESSAGERECIPIENT values('7', '8ec5b');
INSERT INTO MESSAGES values('8', '994eb', 'asjdklfjlkdf', 'cbc23', null, '5-December-1991');
INSERT INTO MESSAGERECIPIENT values('8', 'cbc23');
INSERT INTO MESSAGES values('9', '838be', 'Do you know Harvey Specter?', 'ab155', null, '12-May-1947');
INSERT INTO MESSAGERECIPIENT values('9', 'ab155');
INSERT INTO MESSAGES values('10', '84df7', 'What do you think of Panos?', '1ceaa', null, '4-June-1978');
INSERT INTO MESSAGERECIPIENT values('10', '1ceaa');
INSERT INTO MESSAGES values('11', 'a9ae4', 'I''m feeling good today', '84df7', null, '7-March-1912');
INSERT INTO MESSAGERECIPIENT values('11', '84df7');
INSERT INTO MESSAGES values('12', 'ea2b3', 'Sample Text', '7bcff', null, '16-December-1964');
INSERT INTO MESSAGERECIPIENT values('12', '7bcff');
INSERT INTO MESSAGES values('13', 'fc877', 'asjdklfjlkdf', 'e5eaf', null, '24-May-1975');
INSERT INTO MESSAGERECIPIENT values('13', 'e5eaf');
INSERT INTO MESSAGES values('14', 'ea2b3', 'asjdklfjlkdf', '51b11', null, '10-March-1924');
INSERT INTO MESSAGERECIPIENT values('14', '51b11');
INSERT INTO MESSAGES values('15', 'aee63', 'Bonjour', '7e0da', null, '20-January-1968');
INSERT INTO MESSAGERECIPIENT values('15', '7e0da');
INSERT INTO MESSAGES values('16', '4a3af', 'Sample Text', '4caf9', null, '18-June-1916');
INSERT INTO MESSAGERECIPIENT values('16', '4caf9');
INSERT INTO MESSAGES values('17', '91902', 'Sample Text', 'd488f', null, '27-December-1982');
INSERT INTO MESSAGERECIPIENT values('17', 'd488f');
INSERT INTO MESSAGES values('18', 'f8dee', 'I''m feeling good today', 'f0740', null, '17-December-1917');
INSERT INTO MESSAGERECIPIENT values('18', 'f0740');
INSERT INTO MESSAGES values('19', '4961b', 'Do you know Harvey Specter?', '77abf', null, '7-December-1941');
INSERT INTO MESSAGERECIPIENT values('19', '77abf');
INSERT INTO MESSAGES values('20', '7dc2d', 'How is CS1555?', '029fc', null, '10-June-1980');
INSERT INTO MESSAGERECIPIENT values('20', '029fc');
INSERT INTO MESSAGES values('21', 'face0', 'Hello', '91902', null, '22-October-1949');
INSERT INTO MESSAGERECIPIENT values('21', '91902');
INSERT INTO MESSAGES values('22', 'bb1a3', 'Sample Text', 'c93e6', null, '5-September-1900');
INSERT INTO MESSAGERECIPIENT values('22', 'c93e6');
INSERT INTO MESSAGES values('23', 'aee63', 'Bonjour', 'c0b62', null, '9-May-1924');
INSERT INTO MESSAGERECIPIENT values('23', 'c0b62');
INSERT INTO MESSAGES values('24', 'd710d', 'asjdklfjlkdf', '91902', null, '12-February-1929');
INSERT INTO MESSAGERECIPIENT values('24', '91902');
INSERT INTO MESSAGES values('25', '838be', 'I''m feeling good today', 'e6db7', null, '14-September-1960');
INSERT INTO MESSAGERECIPIENT values('25', 'e6db7');
INSERT INTO MESSAGES values('26', '262a8', 'asjdklfjlkdf', 'ecc1b', null, '5-June-1909');
INSERT INTO MESSAGERECIPIENT values('26', 'ecc1b');
INSERT INTO MESSAGES values('27', 'c93e6', 'I''m feeling good today', '98226', null, '11-August-1961');
INSERT INTO MESSAGERECIPIENT values('27', '98226');
INSERT INTO MESSAGES values('28', 'f0740', 'Hello', '2368d', null, '10-July-1986');
INSERT INTO MESSAGERECIPIENT values('28', '2368d');
INSERT INTO MESSAGES values('29', 'aee63', 'Bonjour', 'b866f', null, '7-October-1906');
INSERT INTO MESSAGERECIPIENT values('29', 'b866f');
INSERT INTO MESSAGES values('30', 'bd3ae', 'How is CS1555?', 'cbc23', null, '14-December-1915');
INSERT INTO MESSAGERECIPIENT values('30', 'cbc23');
INSERT INTO MESSAGES values('31', 'bc56c', 'What do you think of Panos?', 'ac4d0', null, '5-March-1959');
INSERT INTO MESSAGERECIPIENT values('31', 'ac4d0');
INSERT INTO MESSAGES values('32', 'f8dee', 'asjdklfjlkdf', '3d423', null, '14-October-1922');
INSERT INTO MESSAGERECIPIENT values('32', '3d423');
INSERT INTO MESSAGES values('33', 'ea2b3', 'Do you know Harvey Specter?', 'd4e0d', null, '8-June-1972');
INSERT INTO MESSAGERECIPIENT values('33', 'd4e0d');
INSERT INTO MESSAGES values('34', 'daf03', 'How is CS1555?', 'd488f', null, '21-November-1918');
INSERT INTO MESSAGERECIPIENT values('34', 'd488f');
INSERT INTO MESSAGES values('35', 'c8e35', 'asjdklfjlkdf', '121b3', null, '14-October-1961');
INSERT INTO MESSAGERECIPIENT values('35', '121b3');
INSERT INTO MESSAGES values('36', 'ea2b3', 'What do you think of Panos?', 'bcfde', null, '12-November-1903');
INSERT INTO MESSAGERECIPIENT values('36', 'bcfde');
INSERT INTO MESSAGES values('37', 'bc56c', 'You''re a good person', '121b3', null, '23-October-1907');
INSERT INTO MESSAGERECIPIENT values('37', '121b3');
INSERT INTO MESSAGES values('38', '4caf9', 'I''m feeling good today', 'bb1a3', null, '28-January-1907');
INSERT INTO MESSAGERECIPIENT values('38', 'bb1a3');
INSERT INTO MESSAGES values('39', '124ac', 'I''m feeling good today', '8eef6', null, '8-February-1996');
INSERT INTO MESSAGERECIPIENT values('39', '8eef6');
INSERT INTO MESSAGES values('40', 'd8d28', 'You''re a good person', '4a3af', null, '21-November-1945');
INSERT INTO MESSAGERECIPIENT values('40', '4a3af');
INSERT INTO MESSAGES values('41', '8c3a5', 'asjdklfjlkdf', '4caf9', null, '6-August-1962');
INSERT INTO MESSAGERECIPIENT values('41', '4caf9');
INSERT INTO MESSAGES values('42', 'ac8b9', 'You''re a good person', 'ab155', null, '20-September-1925');
INSERT INTO MESSAGERECIPIENT values('42', 'ab155');
INSERT INTO MESSAGES values('43', '98226', 'Do you know Harvey Specter?', '9b2c4', null, '29-October-1900');
INSERT INTO MESSAGERECIPIENT values('43', '9b2c4');
INSERT INTO MESSAGES values('44', 'fdf67', 'Sample Text', 'a9ae4', null, '31-May-1909');
INSERT INTO MESSAGERECIPIENT values('44', 'a9ae4');
INSERT INTO MESSAGES values('45', 'd4e0d', 'Bonjour', '124ac', null, '7-April-1983');
INSERT INTO MESSAGERECIPIENT values('45', '124ac');
INSERT INTO MESSAGES values('46', '1a6f1', 'Do you know Harvey Specter?', 'a9ae4', null, '19-May-1916');
INSERT INTO MESSAGERECIPIENT values('46', 'a9ae4');
INSERT INTO MESSAGES values('47', '26ae6', 'Hello', '77abf', null, '21-August-1995');
INSERT INTO MESSAGERECIPIENT values('47', '77abf');
INSERT INTO MESSAGES values('48', '4a3af', 'Sample Text', '722ff', null, '17-February-1945');
INSERT INTO MESSAGERECIPIENT values('48', '722ff');
INSERT INTO MESSAGES values('49', '75e59', 'How is CS1555?', '46cda', null, '19-May-1946');
INSERT INTO MESSAGERECIPIENT values('49', '46cda');
INSERT INTO MESSAGES values('50', '99caa', 'How is CS1555?', '0484b', null, '30-November-1935');
INSERT INTO MESSAGERECIPIENT values('50', '0484b');
INSERT INTO MESSAGES values('51', '0bc92', 'asjdklfjlkdf', '722ff', null, '11-June-1959');
INSERT INTO MESSAGERECIPIENT values('51', '722ff');
INSERT INTO MESSAGES values('52', '99caa', 'You''re a good person', '8bad6', null, '13-December-1953');
INSERT INTO MESSAGERECIPIENT values('52', '8bad6');
INSERT INTO MESSAGES values('53', 'd488f', 'You''re a good person', 'ab89a', null, '19-March-1904');
INSERT INTO MESSAGERECIPIENT values('53', 'ab89a');
INSERT INTO MESSAGES values('54', '0bc92', 'Hello', '6fe0c', null, '28-November-1949');
INSERT INTO MESSAGERECIPIENT values('54', '6fe0c');
INSERT INTO MESSAGES values('55', 'f0740', 'Bonjour', '5cef3', null, '15-September-1925');
INSERT INTO MESSAGERECIPIENT values('55', '5cef3');
INSERT INTO MESSAGES values('56', '75a16', 'Hello', '3f5bc', null, '17-June-1928');
INSERT INTO MESSAGERECIPIENT values('56', '3f5bc');
INSERT INTO MESSAGES values('57', 'a5912', 'What do you think of Panos?', 'd4e0d', null, '13-January-1983');
INSERT INTO MESSAGERECIPIENT values('57', 'd4e0d');
INSERT INTO MESSAGES values('58', '3f5bc', 'asjdklfjlkdf', '99caa', null, '5-April-1961');
INSERT INTO MESSAGERECIPIENT values('58', '99caa');
INSERT INTO MESSAGES values('59', 'cd08d', 'I''m feeling good today', 'bcfde', null, '12-November-1999');
INSERT INTO MESSAGERECIPIENT values('59', 'bcfde');
INSERT INTO MESSAGES values('60', 'c0b62', 'Sample Text', '124ac', null, '7-February-1912');
INSERT INTO MESSAGERECIPIENT values('60', '124ac');
INSERT INTO MESSAGES values('61', 'ab89a', 'I''m feeling good today', '7e0da', null, '23-September-1916');
INSERT INTO MESSAGERECIPIENT values('61', '7e0da');
INSERT INTO MESSAGES values('62', '20cca', 'Hello', '2368d', null, '19-November-1942');
INSERT INTO MESSAGERECIPIENT values('62', '2368d');
INSERT INTO MESSAGES values('63', 'dfffd', 'How is CS1555?', 'bcfde', null, '13-February-1970');
INSERT INTO MESSAGERECIPIENT values('63', 'bcfde');
INSERT INTO MESSAGES values('64', '56cde', 'Sample Text', '2368d', null, '20-September-1968');
INSERT INTO MESSAGERECIPIENT values('64', '2368d');
INSERT INTO MESSAGES values('65', 'eb91d', 'Bonjour', 'fdf67', null, '25-August-1945');
INSERT INTO MESSAGERECIPIENT values('65', 'fdf67');
INSERT INTO MESSAGES values('66', 'ac4d0', 'Sample Text', '99caa', null, '5-October-1935');
INSERT INTO MESSAGERECIPIENT values('66', '99caa');
INSERT INTO MESSAGES values('67', '218b3', 'How is CS1555?', '99caa', null, '14-February-1975');
INSERT INTO MESSAGERECIPIENT values('67', '99caa');
INSERT INTO MESSAGES values('68', 'c0b62', 'I''m feeling good today', '838be', null, '22-March-1935');
INSERT INTO MESSAGERECIPIENT values('68', '838be');
INSERT INTO MESSAGES values('69', 'c8e35', 'What''s up?', '72da7', null, '25-October-1996');
INSERT INTO MESSAGERECIPIENT values('69', '72da7');
INSERT INTO MESSAGES values('70', 'cbe2b', 'Hello', 'bc56c', null, '30-September-1984');
INSERT INTO MESSAGERECIPIENT values('70', 'bc56c');
INSERT INTO MESSAGES values('71', 'f8dee', 'asjdklfjlkdf', '56cde', null, '24-April-1917');
INSERT INTO MESSAGERECIPIENT values('71', '56cde');
INSERT INTO MESSAGES values('72', 'f8dee', 'asjdklfjlkdf', 'c8e35', null, '17-June-1947');
INSERT INTO MESSAGERECIPIENT values('72', 'c8e35');
INSERT INTO MESSAGES values('73', 'a9ae4', 'How is CS1555?', '30f1a', null, '25-November-1924');
INSERT INTO MESSAGERECIPIENT values('73', '30f1a');
INSERT INTO MESSAGES values('74', '121b3', 'Do you know Harvey Specter?', '029fc', null, '25-November-1997');
INSERT INTO MESSAGERECIPIENT values('74', '029fc');
INSERT INTO MESSAGES values('75', 'bb1a3', 'Bonjour', '121b3', null, '8-December-1966');
INSERT INTO MESSAGERECIPIENT values('75', '121b3');
INSERT INTO MESSAGES values('76', '28a4f', 'Hello', '2368d', null, '27-September-1922');
INSERT INTO MESSAGERECIPIENT values('76', '2368d');
INSERT INTO MESSAGES values('77', 'ecc1b', 'Bonjour', '98226', null, '7-August-1982');
INSERT INTO MESSAGERECIPIENT values('77', '98226');
INSERT INTO MESSAGES values('78', 'fdf67', 'I''m feeling good today', 'bcfde', null, '29-March-1936');
INSERT INTO MESSAGERECIPIENT values('78', 'bcfde');
INSERT INTO MESSAGES values('79', '8eef6', 'Sample Text', '3f5bc', null, '6-January-1982');
INSERT INTO MESSAGERECIPIENT values('79', '3f5bc');
INSERT INTO MESSAGES values('80', '46cda', 'asjdklfjlkdf', 'f0740', null, '27-May-1946');
INSERT INTO MESSAGERECIPIENT values('80', 'f0740');
INSERT INTO MESSAGES values('81', '77abf', 'Hello', 'c8e35', null, '22-April-1945');
INSERT INTO MESSAGERECIPIENT values('81', 'c8e35');
INSERT INTO MESSAGES values('82', 'd488f', 'Do you know Harvey Specter?', '722ff', null, '7-March-1909');
INSERT INTO MESSAGERECIPIENT values('82', '722ff');
INSERT INTO MESSAGES values('83', '72da7', 'asjdklfjlkdf', 'a9ae4', null, '2-October-1952');
INSERT INTO MESSAGERECIPIENT values('83', 'a9ae4');
INSERT INTO MESSAGES values('84', 'd5a7a', 'Bonjour', '30f1a', null, '9-June-1907');
INSERT INTO MESSAGERECIPIENT values('84', '30f1a');
INSERT INTO MESSAGES values('85', 'a9ae4', 'Do you know Harvey Specter?', 'cbc23', null, '3-April-1922');
INSERT INTO MESSAGERECIPIENT values('85', 'cbc23');
INSERT INTO MESSAGES values('86', '124ac', 'asjdklfjlkdf', '5a33c', null, '18-January-1999');
INSERT INTO MESSAGERECIPIENT values('86', '5a33c');
INSERT INTO MESSAGES values('87', 'c1cfe', 'I''m feeling good today', '77abf', null, '28-March-1912');
INSERT INTO MESSAGERECIPIENT values('87', '77abf');
INSERT INTO MESSAGES values('88', 'c0b62', 'Hello', '05d24', null, '16-February-1965');
INSERT INTO MESSAGERECIPIENT values('88', '05d24');
INSERT INTO MESSAGES values('89', '3f917', 'Sample Text', '625d7', null, '16-June-1911');
INSERT INTO MESSAGERECIPIENT values('89', '625d7');
INSERT INTO MESSAGES values('90', '75e59', 'asjdklfjlkdf', '262a8', null, '19-June-1948');
INSERT INTO MESSAGERECIPIENT values('90', '262a8');
INSERT INTO MESSAGES values('91', '0bc92', 'Do you know Harvey Specter?', 'bcfde', null, '3-May-1910');
INSERT INTO MESSAGERECIPIENT values('91', 'bcfde');
INSERT INTO MESSAGES values('92', 'e721c', 'Do you know Harvey Specter?', 'e91b3', null, '11-February-1961');
INSERT INTO MESSAGERECIPIENT values('92', 'e91b3');
INSERT INTO MESSAGES values('93', '5cef3', 'Sample Text', '625d7', null, '7-March-1993');
INSERT INTO MESSAGERECIPIENT values('93', '625d7');
INSERT INTO MESSAGES values('94', 'ea2b3', 'asjdklfjlkdf', 'bc56c', null, '21-June-1993');
INSERT INTO MESSAGERECIPIENT values('94', 'bc56c');
INSERT INTO MESSAGES values('95', 'b866f', 'asjdklfjlkdf', '452d7', null, '25-February-1927');
INSERT INTO MESSAGERECIPIENT values('95', '452d7');
INSERT INTO MESSAGES values('96', '029fc', 'Sample Text', 'bd3ae', null, '28-May-1990');
INSERT INTO MESSAGERECIPIENT values('96', 'bd3ae');
INSERT INTO MESSAGES values('97', 'ab913', 'Bonjour', '4e1a4', null, '30-September-1960');
INSERT INTO MESSAGERECIPIENT values('97', '4e1a4');
INSERT INTO MESSAGES values('98', 'e6db7', 'asjdklfjlkdf', '029fc', null, '23-August-1923');
INSERT INTO MESSAGERECIPIENT values('98', '029fc');
INSERT INTO MESSAGES values('99', 'd488f', 'Bonjour', '5a33c', null, '9-July-1959');
INSERT INTO MESSAGERECIPIENT values('99', '5a33c');
INSERT INTO MESSAGES values('100', 'bb1a3', 'Sample Text', '1d6f2', null, '21-March-1900');
INSERT INTO MESSAGERECIPIENT values('100', '1d6f2');
INSERT INTO MESSAGES values('101', 'cd08d', 'How is CS1555?', '3d423', null, '26-November-1941');
INSERT INTO MESSAGERECIPIENT values('101', '3d423');
INSERT INTO MESSAGES values('102', '51b11', 'Sample Text', 'daf03', null, '3-September-1983');
INSERT INTO MESSAGERECIPIENT values('102', 'daf03');
INSERT INTO MESSAGES values('103', '51b11', 'Do you know Harvey Specter?', 'eb91d', null, '24-April-1938');
INSERT INTO MESSAGERECIPIENT values('103', 'eb91d');
INSERT INTO MESSAGES values('104', 'bcfde', 'Hello', 'c93e6', null, '13-September-1992');
INSERT INTO MESSAGERECIPIENT values('104', 'c93e6');
INSERT INTO MESSAGES values('105', 'bcfde', 'You''re a good person', 'e721c', null, '31-January-1953');
INSERT INTO MESSAGERECIPIENT values('105', 'e721c');
INSERT INTO MESSAGES values('106', '7dc2d', 'Bonjour', '9b2c4', null, '25-January-1974');
INSERT INTO MESSAGERECIPIENT values('106', '9b2c4');
INSERT INTO MESSAGES values('107', '8eef6', 'I''m feeling good today', '77abf', null, '25-July-1922');
INSERT INTO MESSAGERECIPIENT values('107', '77abf');
INSERT INTO MESSAGES values('108', '1d6f2', 'How is CS1555?', 'f8dee', null, '17-November-1926');
INSERT INTO MESSAGERECIPIENT values('108', 'f8dee');
INSERT INTO MESSAGES values('109', 'a5912', 'Bonjour', '3f5bc', null, '23-March-1995');
INSERT INTO MESSAGERECIPIENT values('109', '3f5bc');
INSERT INTO MESSAGES values('110', 'd710d', 'I''m feeling good today', '124ac', null, '18-December-1904');
INSERT INTO MESSAGERECIPIENT values('110', '124ac');
INSERT INTO MESSAGES values('111', '3f5bc', 'Sample Text', '7dc2d', null, '29-September-1908');
INSERT INTO MESSAGERECIPIENT values('111', '7dc2d');
INSERT INTO MESSAGES values('112', '9b2c4', 'Do you know Harvey Specter?', 'bd232', null, '23-May-1974');
INSERT INTO MESSAGERECIPIENT values('112', 'bd232');
INSERT INTO MESSAGES values('113', 'e721c', 'How is CS1555?', 'ab913', null, '29-January-1969');
INSERT INTO MESSAGERECIPIENT values('113', 'ab913');
INSERT INTO MESSAGES values('114', 'ab913', 'What do you think of Panos?', '26ae6', null, '17-April-1992');
INSERT INTO MESSAGERECIPIENT values('114', '26ae6');
INSERT INTO MESSAGES values('115', '99caa', 'What do you think of Panos?', '1ceaa', null, '9-August-1936');
INSERT INTO MESSAGERECIPIENT values('115', '1ceaa');
INSERT INTO MESSAGES values('116', 'ac8b9', 'Hello', '3d423', null, '16-November-1956');
INSERT INTO MESSAGERECIPIENT values('116', '3d423');
INSERT INTO MESSAGES values('117', 'bd232', 'I''m feeling good today', 'd5a7a', null, '1-February-1994');
INSERT INTO MESSAGERECIPIENT values('117', 'd5a7a');
INSERT INTO MESSAGES values('118', '3f5bc', 'Sample Text', '4a3af', null, '23-August-1942');
INSERT INTO MESSAGERECIPIENT values('118', '4a3af');
INSERT INTO MESSAGES values('119', 'cbc23', 'How is CS1555?', '3d423', null, '8-June-1985');
INSERT INTO MESSAGERECIPIENT values('119', '3d423');
INSERT INTO MESSAGES values('120', 'c0b62', 'Bonjour', '0484b', null, '3-February-1950');
INSERT INTO MESSAGERECIPIENT values('120', '0484b');
INSERT INTO MESSAGES values('121', '4961b', 'What do you think of Panos?', '4e1a4', null, '4-April-1938');
INSERT INTO MESSAGERECIPIENT values('121', '4e1a4');
INSERT INTO MESSAGES values('122', 'ac8b9', 'Hello', '8bad6', null, '30-August-1920');
INSERT INTO MESSAGERECIPIENT values('122', '8bad6');
INSERT INTO MESSAGES values('123', '722ff', 'What''s up?', '46cda', null, '29-September-1981');
INSERT INTO MESSAGERECIPIENT values('123', '46cda');
INSERT INTO MESSAGES values('124', 'daf03', 'Hello', '77abf', null, '13-January-1993');
INSERT INTO MESSAGERECIPIENT values('124', '77abf');
INSERT INTO MESSAGES values('125', '0bc92', 'Sample Text', '72da7', null, '17-September-1993');
INSERT INTO MESSAGERECIPIENT values('125', '72da7');
INSERT INTO MESSAGES values('126', '46e14', 'What''s up?', '0484b', null, '15-November-1918');
INSERT INTO MESSAGERECIPIENT values('126', '0484b');
INSERT INTO MESSAGES values('127', '994eb', 'Sample Text', 'f0740', null, '10-August-1976');
INSERT INTO MESSAGERECIPIENT values('127', 'f0740');
INSERT INTO MESSAGES values('128', 'd488f', 'asjdklfjlkdf', 'bc56c', null, '28-September-1971');
INSERT INTO MESSAGERECIPIENT values('128', 'bc56c');
INSERT INTO MESSAGES values('129', '8c3a5', 'I''m feeling good today', '45a01', null, '20-September-1973');
INSERT INTO MESSAGERECIPIENT values('129', '45a01');
INSERT INTO MESSAGES values('130', 'b0645', 'What do you think of Panos?', 'ddc4f', null, '15-February-1979');
INSERT INTO MESSAGERECIPIENT values('130', 'ddc4f');
INSERT INTO MESSAGES values('131', 'bd3ae', 'What do you think of Panos?', '625d7', null, '24-March-1960');
INSERT INTO MESSAGERECIPIENT values('131', '625d7');
INSERT INTO MESSAGES values('132', '2368d', 'How is CS1555?', '46cda', null, '12-July-1990');
INSERT INTO MESSAGERECIPIENT values('132', '46cda');
INSERT INTO MESSAGES values('133', 'ac8b9', 'How is CS1555?', '56cde', null, '17-June-1987');
INSERT INTO MESSAGERECIPIENT values('133', '56cde');
INSERT INTO MESSAGES values('134', 'ab913', 'Sample Text', '5a33c', null, '21-February-1920');
INSERT INTO MESSAGERECIPIENT values('134', '5a33c');
INSERT INTO MESSAGES values('135', '262a8', 'asjdklfjlkdf', '838be', null, '11-June-1906');
INSERT INTO MESSAGERECIPIENT values('135', '838be');
INSERT INTO MESSAGES values('136', '7bcff', 'What''s up?', 'ac4d0', null, '14-October-1977');
INSERT INTO MESSAGERECIPIENT values('136', 'ac4d0');
INSERT INTO MESSAGES values('137', '3d423', 'How is CS1555?', '51b11', null, '24-October-1948');
INSERT INTO MESSAGERECIPIENT values('137', '51b11');
INSERT INTO MESSAGES values('138', '77abf', 'Sample Text', 'bc56c', null, '23-November-1975');
INSERT INTO MESSAGERECIPIENT values('138', 'bc56c');
INSERT INTO MESSAGES values('139', 'e6db7', 'Hello', '4961b', null, '4-April-1988');
INSERT INTO MESSAGERECIPIENT values('139', '4961b');
INSERT INTO MESSAGES values('140', '4e1a4', 'What do you think of Panos?', '0484b', null, '23-August-1943');
INSERT INTO MESSAGERECIPIENT values('140', '0484b');
INSERT INTO MESSAGES values('141', '1ceaa', 'Hello', '4e1a4', null, '30-November-1900');
INSERT INTO MESSAGERECIPIENT values('141', '4e1a4');
INSERT INTO MESSAGES values('142', '3d423', 'What''s up?', '4961b', null, '22-September-1942');
INSERT INTO MESSAGERECIPIENT values('142', '4961b');
INSERT INTO MESSAGES values('143', '72da7', 'How is CS1555?', '121b3', null, '9-August-1996');
INSERT INTO MESSAGERECIPIENT values('143', '121b3');
INSERT INTO MESSAGES values('144', 'd488f', 'Sample Text', 'daf03', null, '4-February-1911');
INSERT INTO MESSAGERECIPIENT values('144', 'daf03');
INSERT INTO MESSAGES values('145', 'bd3ae', 'Hello', '05d24', null, '13-April-1972');
INSERT INTO MESSAGERECIPIENT values('145', '05d24');
INSERT INTO MESSAGES values('146', '7e0da', 'How is CS1555?', 'ce799', null, '5-June-1922');
INSERT INTO MESSAGERECIPIENT values('146', 'ce799');
INSERT INTO MESSAGES values('147', '722ff', 'asjdklfjlkdf', '98226', null, '26-November-1943');
INSERT INTO MESSAGERECIPIENT values('147', '98226');
INSERT INTO MESSAGES values('148', 'd710d', 'Hello', '625d7', null, '5-June-1987');
INSERT INTO MESSAGERECIPIENT values('148', '625d7');
INSERT INTO MESSAGES values('149', '46e14', 'What do you think of Panos?', 'cbc23', null, '24-September-1905');
INSERT INTO MESSAGERECIPIENT values('149', 'cbc23');
INSERT INTO MESSAGES values('150', 'b0645', 'I''m feeling good today', '46cda', null, '6-October-1965');
INSERT INTO MESSAGERECIPIENT values('150', '46cda');
INSERT INTO MESSAGES values('151', '4caf9', 'I''m feeling good today', '994eb', null, '1-March-1946');
INSERT INTO MESSAGERECIPIENT values('151', '994eb');
INSERT INTO MESSAGES values('152', 'bd3ae', 'What''s up?', '722ff', null, '5-January-1942');
INSERT INTO MESSAGERECIPIENT values('152', '722ff');
INSERT INTO MESSAGES values('153', '838be', 'Bonjour', '838be', null, '1-June-1904');
INSERT INTO MESSAGERECIPIENT values('153', '838be');
INSERT INTO MESSAGES values('154', '46cda', 'Do you know Harvey Specter?', 'ecc1b', null, '20-February-1960');
INSERT INTO MESSAGERECIPIENT values('154', 'ecc1b');
INSERT INTO MESSAGES values('155', '05d24', 'How is CS1555?', 'bc56c', null, '22-August-1922');
INSERT INTO MESSAGERECIPIENT values('155', 'bc56c');
INSERT INTO MESSAGES values('156', '84df7', 'You''re a good person', '46e14', null, '20-October-1917');
INSERT INTO MESSAGERECIPIENT values('156', '46e14');
INSERT INTO MESSAGES values('157', '7e0da', 'What do you think of Panos?', 'fc877', null, '11-September-1906');
INSERT INTO MESSAGERECIPIENT values('157', 'fc877');
INSERT INTO MESSAGES values('158', '0ec73', 'asjdklfjlkdf', '30f1a', null, '26-April-1956');
INSERT INTO MESSAGERECIPIENT values('158', '30f1a');
INSERT INTO MESSAGES values('159', '20bb8', 'Hello', '0484b', null, '13-May-1931');
INSERT INTO MESSAGERECIPIENT values('159', '0484b');
INSERT INTO MESSAGES values('160', 'bd232', 'Bonjour', '20cca', null, '14-February-1964');
INSERT INTO MESSAGERECIPIENT values('160', '20cca');
INSERT INTO MESSAGES values('161', '47076', 'Sample Text', '30f1a', null, '2-September-1972');
INSERT INTO MESSAGERECIPIENT values('161', '30f1a');
INSERT INTO MESSAGES values('162', '838be', 'How is CS1555?', 'a9ae4', null, '27-June-1981');
INSERT INTO MESSAGERECIPIENT values('162', 'a9ae4');
INSERT INTO MESSAGES values('163', '8bad6', 'What do you think of Panos?', '8bad6', null, '23-December-1954');
INSERT INTO MESSAGERECIPIENT values('163', '8bad6');
INSERT INTO MESSAGES values('164', '45a01', 'Sample Text', '9b2c4', null, '28-July-1912');
INSERT INTO MESSAGERECIPIENT values('164', '9b2c4');
INSERT INTO MESSAGES values('165', 'ab913', 'Sample Text', 'cd08d', null, '23-July-1945');
INSERT INTO MESSAGERECIPIENT values('165', 'cd08d');
INSERT INTO MESSAGES values('166', '46e14', 'What do you think of Panos?', '029fc', null, '13-January-1902');
INSERT INTO MESSAGERECIPIENT values('166', '029fc');
INSERT INTO MESSAGES values('167', 'ea2b3', 'Hello', 'ab155', null, '5-October-1993');
INSERT INTO MESSAGERECIPIENT values('167', 'ab155');
INSERT INTO MESSAGES values('168', '2368d', 'Sample Text', '262a8', null, '24-February-1996');
INSERT INTO MESSAGERECIPIENT values('168', '262a8');
INSERT INTO MESSAGES values('169', 'fdf67', 'How is CS1555?', '1d6f2', null, '20-April-1929');
INSERT INTO MESSAGERECIPIENT values('169', '1d6f2');
INSERT INTO MESSAGES values('170', '8eef6', 'What do you think of Panos?', 'f8dee', null, '26-October-1945');
INSERT INTO MESSAGERECIPIENT values('170', 'f8dee');
INSERT INTO MESSAGES values('171', 'cbc23', 'Do you know Harvey Specter?', 'e721c', null, '25-September-1925');
INSERT INTO MESSAGERECIPIENT values('171', 'e721c');
INSERT INTO MESSAGES values('172', 'e721c', 'What''s up?', 'bcfde', null, '16-November-1990');
INSERT INTO MESSAGERECIPIENT values('172', 'bcfde');
INSERT INTO MESSAGES values('173', 'ac8b9', 'You''re a good person', '7dc2d', null, '22-January-1979');
INSERT INTO MESSAGERECIPIENT values('173', '7dc2d');
INSERT INTO MESSAGES values('174', 'd8d28', 'Do you know Harvey Specter?', '7e0da', null, '31-October-1959');
INSERT INTO MESSAGERECIPIENT values('174', '7e0da');
INSERT INTO MESSAGES values('175', '1d6f2', 'Do you know Harvey Specter?', '8eef6', null, '25-March-1959');
INSERT INTO MESSAGERECIPIENT values('175', '8eef6');
INSERT INTO MESSAGES values('176', '029fc', 'You''re a good person', 'e5eaf', null, '28-July-1954');
INSERT INTO MESSAGERECIPIENT values('176', 'e5eaf');
INSERT INTO MESSAGES values('177', '30f1a', 'I''m feeling good today', 'b0645', null, '14-June-1912');
INSERT INTO MESSAGERECIPIENT values('177', 'b0645');
INSERT INTO MESSAGES values('178', 'ab89a', 'You''re a good person', '75a16', null, '10-July-1915');
INSERT INTO MESSAGERECIPIENT values('178', '75a16');
INSERT INTO MESSAGES values('179', 'ecc1b', 'asjdklfjlkdf', '452d7', null, '20-May-1960');
INSERT INTO MESSAGERECIPIENT values('179', '452d7');
INSERT INTO MESSAGES values('180', 'b866f', 'How is CS1555?', 'fc877', null, '23-July-1954');
INSERT INTO MESSAGERECIPIENT values('180', 'fc877');
INSERT INTO MESSAGES values('181', 'd5a7a', 'What''s up?', '20cca', null, '26-September-1977');
INSERT INTO MESSAGERECIPIENT values('181', '20cca');
INSERT INTO MESSAGES values('182', '6fe0c', 'Do you know Harvey Specter?', 'd710d', null, '25-February-1944');
INSERT INTO MESSAGERECIPIENT values('182', 'd710d');
INSERT INTO MESSAGES values('183', 'e91b3', 'Do you know Harvey Specter?', '3f917', null, '27-April-1950');
INSERT INTO MESSAGERECIPIENT values('183', '3f917');
INSERT INTO MESSAGES values('184', 'bcfde', 'What do you think of Panos?', 'c1cfe', null, '22-May-1939');
INSERT INTO MESSAGERECIPIENT values('184', 'c1cfe');
INSERT INTO MESSAGES values('185', '45a01', 'You''re a good person', '3f5bc', null, '9-April-1942');
INSERT INTO MESSAGERECIPIENT values('185', '3f5bc');
INSERT INTO MESSAGES values('186', '26ae6', 'Sample Text', 'ac8b9', null, '28-December-1977');
INSERT INTO MESSAGERECIPIENT values('186', 'ac8b9');
INSERT INTO MESSAGES values('187', 'f0740', 'Bonjour', '46cda', null, '25-January-1908');
INSERT INTO MESSAGERECIPIENT values('187', '46cda');
INSERT INTO MESSAGES values('188', '6fe0c', 'You''re a good person', '0bc92', null, '17-December-1978');
INSERT INTO MESSAGERECIPIENT values('188', '0bc92');
INSERT INTO MESSAGES values('189', 'ac4d0', 'How is CS1555?', '77abf', null, '11-December-1988');
INSERT INTO MESSAGERECIPIENT values('189', '77abf');
INSERT INTO MESSAGES values('190', 'cd08d', 'Sample Text', '8c3a5', null, '28-March-1935');
INSERT INTO MESSAGERECIPIENT values('190', '8c3a5');
INSERT INTO MESSAGES values('191', 'f8dee', 'Hello', 'dfffd', null, '26-June-1911');
INSERT INTO MESSAGERECIPIENT values('191', 'dfffd');
INSERT INTO MESSAGES values('192', '77abf', 'Do you know Harvey Specter?', '8eef6', null, '23-July-1985');
INSERT INTO MESSAGERECIPIENT values('192', '8eef6');
INSERT INTO MESSAGES values('193', '3f5bc', 'Do you know Harvey Specter?', '56cde', null, '21-June-1920');
INSERT INTO MESSAGERECIPIENT values('193', '56cde');
INSERT INTO MESSAGES values('194', '28a4f', 'You''re a good person', 'ab913', null, '17-November-1978');
INSERT INTO MESSAGERECIPIENT values('194', 'ab913');
INSERT INTO MESSAGES values('195', '5cef3', 'Bonjour', 'ce799', null, '31-August-1997');
INSERT INTO MESSAGERECIPIENT values('195', 'ce799');
INSERT INTO MESSAGES values('196', '75e59', 'What do you think of Panos?', 'ce799', null, '31-August-1987');
INSERT INTO MESSAGERECIPIENT values('196', 'ce799');
INSERT INTO MESSAGES values('197', 'd488f', 'asjdklfjlkdf', '47076', null, '17-August-1931');
INSERT INTO MESSAGERECIPIENT values('197', '47076');
INSERT INTO MESSAGES values('198', '75e59', 'Do you know Harvey Specter?', 'f8dee', null, '30-December-1919');
INSERT INTO MESSAGERECIPIENT values('198', 'f8dee');
INSERT INTO MESSAGES values('199', '8ec5b', 'Hello', 'fdf67', null, '2-September-1940');
INSERT INTO MESSAGERECIPIENT values('199', 'fdf67');
INSERT INTO MESSAGES values('200', '218b3', 'Do you know Harvey Specter?', '56cde', null, '23-August-1923');
INSERT INTO MESSAGERECIPIENT values('200', '56cde');
INSERT INTO MESSAGES values('201', '30f1a', 'What''s up?', '124ac', null, '4-December-1974');
INSERT INTO MESSAGERECIPIENT values('201', '124ac');
INSERT INTO MESSAGES values('202', '20bb8', 'What do you think of Panos?', '84df7', null, '26-February-1950');
INSERT INTO MESSAGERECIPIENT values('202', '84df7');
INSERT INTO MESSAGES values('203', '838be', 'How is CS1555?', '1d6f2', null, '10-July-1982');
INSERT INTO MESSAGERECIPIENT values('203', '1d6f2');
INSERT INTO MESSAGES values('204', '722ff', 'What''s up?', '4caf9', null, '13-August-1966');
INSERT INTO MESSAGERECIPIENT values('204', '4caf9');
INSERT INTO MESSAGES values('205', '9b2c4', 'Hello', 'e6db7', null, '21-April-1951');
INSERT INTO MESSAGERECIPIENT values('205', 'e6db7');
INSERT INTO MESSAGES values('206', 'bcfde', 'You''re a good person', 'ddc4f', null, '21-November-1946');
INSERT INTO MESSAGERECIPIENT values('206', 'ddc4f');
INSERT INTO MESSAGES values('207', 'aee63', 'asjdklfjlkdf', '5a33c', null, '14-October-1935');
INSERT INTO MESSAGERECIPIENT values('207', '5a33c');
INSERT INTO MESSAGES values('208', '6fe0c', 'You''re a good person', 'c8e35', null, '3-February-1909');
INSERT INTO MESSAGERECIPIENT values('208', 'c8e35');
INSERT INTO MESSAGES values('209', '994eb', 'I''m feeling good today', 'bd3ae', null, '17-September-1993');
INSERT INTO MESSAGERECIPIENT values('209', 'bd3ae');
INSERT INTO MESSAGES values('210', '9b2c4', 'asjdklfjlkdf', 'bc56c', null, '21-June-1950');
INSERT INTO MESSAGERECIPIENT values('210', 'bc56c');
INSERT INTO MESSAGES values('211', '84df7', 'How is CS1555?', '4961b', null, '4-April-1966');
INSERT INTO MESSAGERECIPIENT values('211', '4961b');
INSERT INTO MESSAGES values('212', '3f917', 'What do you think of Panos?', 'cbe2b', null, '21-March-1967');
INSERT INTO MESSAGERECIPIENT values('212', 'cbe2b');
INSERT INTO MESSAGES values('213', '05d24', 'Sample Text', '1a6f1', null, '29-October-1905');
INSERT INTO MESSAGERECIPIENT values('213', '1a6f1');
INSERT INTO MESSAGES values('214', '51b11', 'Do you know Harvey Specter?', '1a6f1', null, '21-May-1930');
INSERT INTO MESSAGERECIPIENT values('214', '1a6f1');
INSERT INTO MESSAGES values('215', '1ceaa', 'What''s up?', '124ac', null, '27-June-1934');
INSERT INTO MESSAGERECIPIENT values('215', '124ac');
INSERT INTO MESSAGES values('216', '4e1a4', 'Sample Text', '8ec5b', null, '19-September-1969');
INSERT INTO MESSAGERECIPIENT values('216', '8ec5b');
INSERT INTO MESSAGES values('217', '8c3a5', 'You''re a good person', '124ac', null, '2-March-1913');
INSERT INTO MESSAGERECIPIENT values('217', '124ac');
INSERT INTO MESSAGES values('218', '124ac', 'You''re a good person', '30f1a', null, '24-April-1989');
INSERT INTO MESSAGERECIPIENT values('218', '30f1a');
INSERT INTO MESSAGES values('219', '8eef6', 'I''m feeling good today', '0ec73', null, '18-March-1918');
INSERT INTO MESSAGERECIPIENT values('219', '0ec73');
INSERT INTO MESSAGES values('220', '994eb', 'Bonjour', '2368d', null, '29-October-1955');
INSERT INTO MESSAGERECIPIENT values('220', '2368d');
INSERT INTO MESSAGES values('221', 'ecc1b', 'I''m feeling good today', 'aee63', null, '12-May-1908');
INSERT INTO MESSAGERECIPIENT values('221', 'aee63');
INSERT INTO MESSAGES values('222', '0484b', 'Bonjour', '7dc2d', null, '10-June-1956');
INSERT INTO MESSAGERECIPIENT values('222', '7dc2d');
INSERT INTO MESSAGES values('223', '77abf', 'What do you think of Panos?', 'f8dee', null, '22-November-1984');
INSERT INTO MESSAGERECIPIENT values('223', 'f8dee');
INSERT INTO MESSAGES values('224', '4caf9', 'What''s up?', 'b866f', null, '9-November-1903');
INSERT INTO MESSAGERECIPIENT values('224', 'b866f');
INSERT INTO MESSAGES values('225', '262a8', 'What do you think of Panos?', '0484b', null, '2-June-1998');
INSERT INTO MESSAGERECIPIENT values('225', '0484b');
INSERT INTO MESSAGES values('226', 'd488f', 'Do you know Harvey Specter?', '1ccd0', null, '19-June-1980');
INSERT INTO MESSAGERECIPIENT values('226', '1ccd0');
INSERT INTO MESSAGES values('227', 'bd3ae', 'Bonjour', 'c8e35', null, '27-December-1955');
INSERT INTO MESSAGERECIPIENT values('227', 'c8e35');
INSERT INTO MESSAGES values('228', 'd488f', 'Sample Text', '20cca', null, '7-March-1939');
INSERT INTO MESSAGERECIPIENT values('228', '20cca');
INSERT INTO MESSAGES values('229', '56cde', 'You''re a good person', '20cca', null, '7-February-1906');
INSERT INTO MESSAGERECIPIENT values('229', '20cca');
INSERT INTO MESSAGES values('230', '6fe0c', 'Do you know Harvey Specter?', 'c8e35', null, '30-July-1934');
INSERT INTO MESSAGERECIPIENT values('230', 'c8e35');
INSERT INTO MESSAGES values('231', '99caa', 'Bonjour', '0bc92', null, '8-August-1997');
INSERT INTO MESSAGERECIPIENT values('231', '0bc92');
INSERT INTO MESSAGES values('232', '4a3af', 'Hello', '5cef3', null, '13-September-1912');
INSERT INTO MESSAGERECIPIENT values('232', '5cef3');
INSERT INTO MESSAGES values('233', 'f19a7', 'asjdklfjlkdf', '91902', null, '30-November-1965');
INSERT INTO MESSAGERECIPIENT values('233', '91902');
INSERT INTO MESSAGES values('234', 'bcfde', 'You''re a good person', '4e1a4', null, '14-April-1964');
INSERT INTO MESSAGERECIPIENT values('234', '4e1a4');
INSERT INTO MESSAGES values('235', '452d7', 'How is CS1555?', 'ab89a', null, '18-August-1930');
INSERT INTO MESSAGERECIPIENT values('235', 'ab89a');
INSERT INTO MESSAGES values('236', '56cde', 'Sample Text', '1ccd0', null, '29-March-1946');
INSERT INTO MESSAGERECIPIENT values('236', '1ccd0');
INSERT INTO MESSAGES values('237', '46cda', 'Bonjour', 'c93e6', null, '21-March-1918');
INSERT INTO MESSAGERECIPIENT values('237', 'c93e6');
INSERT INTO MESSAGES values('238', 'cbe2b', 'What do you think of Panos?', 'bd232', null, '13-December-1965');
INSERT INTO MESSAGERECIPIENT values('238', 'bd232');
INSERT INTO MESSAGES values('239', 'bd3ae', 'Hello', 'cbc23', null, '13-August-1931');
INSERT INTO MESSAGERECIPIENT values('239', 'cbc23');
INSERT INTO MESSAGES values('240', 'd8d28', 'I''m feeling good today', '30f1a', null, '12-April-1981');
INSERT INTO MESSAGERECIPIENT values('240', '30f1a');
INSERT INTO MESSAGES values('241', 'd488f', 'Sample Text', '05d24', null, '11-June-1906');
INSERT INTO MESSAGERECIPIENT values('241', '05d24');
INSERT INTO MESSAGES values('242', '8eef6', 'What do you think of Panos?', 'b0645', null, '31-March-1965');
INSERT INTO MESSAGERECIPIENT values('242', 'b0645');
INSERT INTO MESSAGES values('243', 'c93e6', 'What''s up?', '7e0da', null, '14-November-1980');
INSERT INTO MESSAGERECIPIENT values('243', '7e0da');
INSERT INTO MESSAGES values('244', '8eef6', 'asjdklfjlkdf', '124ac', null, '29-December-1983');
INSERT INTO MESSAGERECIPIENT values('244', '124ac');
INSERT INTO MESSAGES values('245', 'cbc23', 'Sample Text', '20bb8', null, '24-July-1903');
INSERT INTO MESSAGERECIPIENT values('245', '20bb8');
INSERT INTO MESSAGES values('246', 'bcfde', 'What''s up?', 'eb91d', null, '10-January-1945');
INSERT INTO MESSAGERECIPIENT values('246', 'eb91d');
INSERT INTO MESSAGES values('247', '45a01', 'How is CS1555?', 'b0645', null, '7-August-1967');
INSERT INTO MESSAGERECIPIENT values('247', 'b0645');
INSERT INTO MESSAGES values('248', 'ab89a', 'I''m feeling good today', '4caf9', null, '25-August-1980');
INSERT INTO MESSAGERECIPIENT values('248', '4caf9');
INSERT INTO MESSAGES values('249', '722ff', 'Do you know Harvey Specter?', 'bb1a3', null, '14-February-1952');
INSERT INTO MESSAGERECIPIENT values('249', 'bb1a3');
INSERT INTO MESSAGES values('250', 'e721c', 'How is CS1555?', '75e59', null, '21-April-1923');
INSERT INTO MESSAGERECIPIENT values('250', '75e59');
INSERT INTO MESSAGES values('251', 'a5912', 'What''s up?', '4961b', null, '21-January-1979');
INSERT INTO MESSAGERECIPIENT values('251', '4961b');
INSERT INTO MESSAGES values('252', '4caf9', 'asjdklfjlkdf', '1a6f1', null, '19-August-1941');
INSERT INTO MESSAGERECIPIENT values('252', '1a6f1');
INSERT INTO MESSAGES values('253', 'eb91d', 'How is CS1555?', '9b2c4', null, '7-August-1985');
INSERT INTO MESSAGERECIPIENT values('253', '9b2c4');
INSERT INTO MESSAGES values('254', 'e5eaf', 'Sample Text', 'a9ae4', null, '8-April-1986');
INSERT INTO MESSAGERECIPIENT values('254', 'a9ae4');
INSERT INTO MESSAGES values('255', '2368d', 'How is CS1555?', '218b3', null, '9-January-1906');
INSERT INTO MESSAGERECIPIENT values('255', '218b3');
INSERT INTO MESSAGES values('256', 'e91b3', 'Bonjour', '7bcff', null, '6-October-1930');
INSERT INTO MESSAGERECIPIENT values('256', '7bcff');
INSERT INTO MESSAGES values('257', '45a01', 'I''m feeling good today', 'e6db7', null, '19-November-1941');
INSERT INTO MESSAGERECIPIENT values('257', 'e6db7');
INSERT INTO MESSAGES values('258', '8c3a5', 'What''s up?', 'fc877', null, '30-July-1949');
INSERT INTO MESSAGERECIPIENT values('258', 'fc877');
INSERT INTO MESSAGES values('259', '262a8', 'asjdklfjlkdf', 'bd232', null, '10-February-1955');
INSERT INTO MESSAGERECIPIENT values('259', 'bd232');
INSERT INTO MESSAGES values('260', 'daf03', 'Sample Text', '262a8', null, '12-September-1980');
INSERT INTO MESSAGERECIPIENT values('260', '262a8');
INSERT INTO MESSAGES values('261', 'eb91d', 'Hello', '46e14', null, '30-January-1919');
INSERT INTO MESSAGERECIPIENT values('261', '46e14');
INSERT INTO MESSAGES values('262', 'ddc4f', 'asjdklfjlkdf', 'ea2b3', null, '22-May-1972');
INSERT INTO MESSAGERECIPIENT values('262', 'ea2b3');
INSERT INTO MESSAGES values('263', '2368d', 'Sample Text', '20cca', null, '25-August-1959');
INSERT INTO MESSAGERECIPIENT values('263', '20cca');
INSERT INTO MESSAGES values('264', 'c93e6', 'Hello', '75a16', null, '26-June-1982');
INSERT INTO MESSAGERECIPIENT values('264', '75a16');
INSERT INTO MESSAGES values('265', 'eb91d', 'You''re a good person', 'f0740', null, '26-December-1924');
INSERT INTO MESSAGERECIPIENT values('265', 'f0740');
INSERT INTO MESSAGES values('266', '1a6f1', 'Do you know Harvey Specter?', '75a16', null, '18-October-1961');
INSERT INTO MESSAGERECIPIENT values('266', '75a16');
INSERT INTO MESSAGES values('267', 'bd3ae', 'What do you think of Panos?', 'aee63', null, '11-March-1909');
INSERT INTO MESSAGERECIPIENT values('267', 'aee63');
INSERT INTO MESSAGES values('268', 'bb1a3', 'What do you think of Panos?', '46e14', null, '19-August-1969');
INSERT INTO MESSAGERECIPIENT values('268', '46e14');
INSERT INTO MESSAGES values('269', 'a9ae4', 'Sample Text', 'ecc1b', null, '12-December-1904');
INSERT INTO MESSAGERECIPIENT values('269', 'ecc1b');
INSERT INTO MESSAGES values('270', '262a8', 'asjdklfjlkdf', 'ab913', null, '1-September-1935');
INSERT INTO MESSAGERECIPIENT values('270', 'ab913');
INSERT INTO MESSAGES values('271', 'd4e0d', 'I''m feeling good today', '4caf9', null, '25-November-1962');
INSERT INTO MESSAGERECIPIENT values('271', '4caf9');
INSERT INTO MESSAGES values('272', 'd488f', 'How is CS1555?', 'd488f', null, '14-April-1963');
INSERT INTO MESSAGERECIPIENT values('272', 'd488f');
INSERT INTO MESSAGES values('273', 'ea2b3', 'I''m feeling good today', '1ceaa', null, '7-December-1967');
INSERT INTO MESSAGERECIPIENT values('273', '1ceaa');
INSERT INTO MESSAGES values('274', 'ab89a', 'You''re a good person', 'f8dee', null, '28-January-1946');
INSERT INTO MESSAGERECIPIENT values('274', 'f8dee');
INSERT INTO MESSAGES values('275', 'fc877', 'I''m feeling good today', 'e721c', null, '18-May-1993');
INSERT INTO MESSAGERECIPIENT values('275', 'e721c');
INSERT INTO MESSAGES values('276', '4a3af', 'Do you know Harvey Specter?', '4caf9', null, '6-April-1998');
INSERT INTO MESSAGERECIPIENT values('276', '4caf9');
INSERT INTO MESSAGES values('277', 'fdf67', 'Sample Text', 'bb1a3', null, '26-December-1938');
INSERT INTO MESSAGERECIPIENT values('277', 'bb1a3');
INSERT INTO MESSAGES values('278', 'a9ae4', 'Do you know Harvey Specter?', '51b11', null, '12-October-1968');
INSERT INTO MESSAGERECIPIENT values('278', '51b11');
INSERT INTO MESSAGES values('279', '5a33c', 'asjdklfjlkdf', '722ff', null, '2-August-1985');
INSERT INTO MESSAGERECIPIENT values('279', '722ff');
INSERT INTO MESSAGES values('280', 'e721c', 'Sample Text', '1a6f1', null, '25-February-1934');
INSERT INTO MESSAGERECIPIENT values('280', '1a6f1');
INSERT INTO MESSAGES values('281', 'd488f', 'asjdklfjlkdf', '91902', null, '19-June-1904');
INSERT INTO MESSAGERECIPIENT values('281', '91902');
INSERT INTO MESSAGES values('282', '30f1a', 'Do you know Harvey Specter?', '1a6f1', null, '23-June-1900');
INSERT INTO MESSAGERECIPIENT values('282', '1a6f1');
INSERT INTO MESSAGES values('283', '26ae6', 'Hello', '20bb8', null, '19-January-1902');
INSERT INTO MESSAGERECIPIENT values('283', '20bb8');
INSERT INTO MESSAGES values('284', '6fe0c', 'asjdklfjlkdf', '8ec5b', null, '12-September-1943');
INSERT INTO MESSAGERECIPIENT values('284', '8ec5b');
INSERT INTO MESSAGES values('285', 'e91b3', 'Do you know Harvey Specter?', '84df7', null, '15-September-1932');
INSERT INTO MESSAGERECIPIENT values('285', '84df7');
INSERT INTO MESSAGES values('286', '218b3', 'What''s up?', 'bcfde', null, '23-September-1950');
INSERT INTO MESSAGERECIPIENT values('286', 'bcfde');
INSERT INTO MESSAGES values('287', '5a33c', 'Do you know Harvey Specter?', '75a16', null, '20-June-1962');
INSERT INTO MESSAGERECIPIENT values('287', '75a16');
INSERT INTO MESSAGES values('288', '2368d', 'asjdklfjlkdf', 'e91b3', null, '15-February-1911');
INSERT INTO MESSAGERECIPIENT values('288', 'e91b3');
INSERT INTO MESSAGES values('289', 'ab155', 'How is CS1555?', 'e6db7', null, '28-December-1983');
INSERT INTO MESSAGERECIPIENT values('289', 'e6db7');
INSERT INTO MESSAGES values('290', '994eb', 'Sample Text', '98226', null, '16-November-1992');
INSERT INTO MESSAGERECIPIENT values('290', '98226');
INSERT INTO MESSAGES values('291', '75a16', 'I''m feeling good today', '05d24', null, '28-April-1917');
INSERT INTO MESSAGERECIPIENT values('291', '05d24');
INSERT INTO MESSAGES values('292', '30f1a', 'Sample Text', 'ac4d0', null, '8-March-1910');
INSERT INTO MESSAGERECIPIENT values('292', 'ac4d0');
INSERT INTO MESSAGES values('293', '994eb', 'Hello', 'ecc1b', null, '23-December-1945');
INSERT INTO MESSAGERECIPIENT values('293', 'ecc1b');
INSERT INTO MESSAGES values('294', 'e721c', 'You''re a good person', '46e14', null, '11-April-1915');
INSERT INTO MESSAGERECIPIENT values('294', '46e14');
INSERT INTO MESSAGES values('295', '4e1a4', 'Sample Text', 'c8e35', null, '28-March-1912');
INSERT INTO MESSAGERECIPIENT values('295', 'c8e35');
INSERT INTO MESSAGES values('296', 'e721c', 'What do you think of Panos?', '0484b', null, '16-January-1906');
INSERT INTO MESSAGERECIPIENT values('296', '0484b');
INSERT INTO MESSAGES values('297', '6fe0c', 'Sample Text', '4961b', null, '3-January-1955');
INSERT INTO MESSAGERECIPIENT values('297', '4961b');
INSERT INTO MESSAGES values('298', '0484b', 'Bonjour', 'd488f', null, '23-August-1907');
INSERT INTO MESSAGERECIPIENT values('298', 'd488f');
INSERT INTO MESSAGES values('299', 'ea2b3', 'What''s up?', 'd8d28', null, '14-February-1962');
INSERT INTO MESSAGERECIPIENT values('299', 'd8d28');
INSERT INTO MESSAGES values('300', '91902', 'Bonjour', '46e14', null, '3-May-1931');
INSERT INTO MESSAGERECIPIENT values('300', '46e14');


commit;

